mode,groups,inputs,sample,status,reload_ns,inputs_connected_ns,input_disconnected,access_callbacks,write_denials,monitor_updates,client_disconnects
hostname,1,0,5,0,153432,154231,0,0,0,1,0
hostname,1,0,6,0,152343,152691,0,0,0,1,0
hostname,1,0,7,0,122648,122945,0,0,0,1,0
hostname,1,0,8,0,125673,125950,0,0,0,1,0
hostname,1,0,9,0,89986,90196,0,0,0,1,0
hostname,1,0,10,0,83494,83703,0,0,0,1,0
hostname,1,0,11,0,81573,81759,0,0,0,1,0
hostname,1,0,12,0,87551,87723,0,0,0,1,0
hostname,1,0,13,0,77317,77480,0,0,0,1,0
hostname,1,0,14,0,70979,71148,0,0,0,1,0
hostname,1,0,15,0,61783,61894,0,0,0,1,0
hostname,1,0,16,0,61169,61300,0,0,0,1,0
hostname,1,0,17,0,72329,72500,0,0,0,1,0
hostname,1,0,18,0,64979,65164,0,0,0,1,0
hostname,1,0,19,0,63518,63669,0,0,0,1,0
hostname,1,0,20,0,73925,74080,0,0,0,1,0
hostname,1,0,21,0,100003,100348,0,0,0,1,0
hostname,1,0,22,0,73448,73623,0,0,0,1,0
hostname,1,0,23,0,118311,118681,0,0,0,1,0
hostname,1,0,24,0,72895,73033,0,0,0,1,0
hostname,1,0,25,0,60195,60324,0,0,0,1,0
hostname,1,0,26,0,67595,67747,0,0,0,1,0
hostname,1,0,27,0,65932,66051,0,0,0,1,0
hostname,1,0,28,0,68734,68880,0,0,0,1,0
hostname,1,0,29,0,79070,79242,0,0,0,1,0
hostname,1,0,30,0,84415,84624,0,0,0,1,0
hostname,1,0,31,0,68222,68409,0,0,0,1,0
hostname,1,0,32,0,76004,76179,0,0,0,1,0
hostname,1,0,33,0,77148,77371,0,0,0,1,0
hostname,1,0,34,0,85538,85695,0,0,0,1,0
hostname,1,1,5,0,7759184,45759308,0,2,1,3,0
hostname,1,1,6,0,7752593,44747319,0,2,1,3,0
hostname,1,1,7,0,5603380,9606360968,0,2,1,3,0
hostname,1,1,8,0,258693,25685136,0,2,1,3,0
hostname,1,1,9,0,261970,39789469,0,2,1,3,0
hostname,1,1,10,0,356022,21687631,0,2,1,3,0
hostname,1,1,11,0,248583,9859392295,0,2,1,3,0
hostname,1,1,12,0,126901,31729623,0,2,1,3,0
hostname,1,1,13,0,94790,31676910,0,2,1,3,0
hostname,1,1,14,0,82402,31654443,0,2,1,3,0
hostname,1,1,15,0,78010,31650866,0,2,1,3,0
hostname,1,1,16,0,88161,31661470,0,2,1,3,0
hostname,1,1,17,0,85695,31690077,0,2,1,3,0
hostname,1,1,18,0,129997,31705467,0,2,1,3,0
hostname,1,1,19,0,108614,31651821,0,2,1,3,0
hostname,1,1,20,0,153380,31694374,0,2,1,3,0
hostname,1,1,21,0,79224,31668860,0,2,1,3,0
hostname,1,1,22,0,62002,32664439,0,2,1,3,0
hostname,1,1,23,0,122080,31721964,0,2,1,3,0
hostname,1,1,24,0,125627,31679563,0,2,1,3,0
hostname,1,1,25,0,121239,31709016,0,2,1,3,0
hostname,1,1,26,0,124221,31702628,0,2,1,3,0
hostname,1,1,27,0,69421,31663049,0,2,1,3,0
hostname,1,1,28,0,72734,31654767,0,2,1,3,0
hostname,1,1,29,0,153880,31706211,0,2,1,3,0
hostname,1,1,30,0,128900,31704869,0,2,1,3,0
hostname,1,1,31,0,76455,31652733,0,2,1,3,0
hostname,1,1,32,0,88967,31641791,0,2,1,3,0
hostname,1,1,33,0,74327,31648327,0,2,1,3,0
hostname,1,1,34,0,75552,31663496,0,2,1,3,0
hostname,16,0,5,0,73700,74226,0,0,0,1,0
hostname,16,0,6,0,68213,68684,0,0,0,1,0
hostname,16,0,7,0,70400,71045,0,0,0,1,0
hostname,16,0,8,0,68474,69039,0,0,0,1,0
hostname,16,0,9,0,68884,69424,0,0,0,1,0
hostname,16,0,10,0,74549,75083,0,0,0,1,0
hostname,16,0,11,0,66616,67242,0,0,0,1,0
hostname,16,0,12,0,70797,71291,0,0,0,1,0
hostname,16,0,13,0,68302,68813,0,0,0,1,0
hostname,16,0,14,0,70691,71220,0,0,0,1,0
hostname,16,0,15,0,72629,73223,0,0,0,1,0
hostname,16,0,16,0,67237,67669,0,0,0,1,0
hostname,16,0,17,0,72161,72466,0,0,0,1,0
hostname,16,0,18,0,67125,67463,0,0,0,1,0
hostname,16,0,19,0,68386,68840,0,0,0,1,0
hostname,16,0,20,0,72615,72918,0,0,0,1,0
hostname,16,0,21,0,66757,67175,0,0,0,1,0
hostname,16,0,22,0,67569,67984,0,0,0,1,0
hostname,16,0,23,0,69925,70570,0,0,0,1,0
hostname,16,0,24,0,67194,67772,0,0,0,1,0
hostname,16,0,25,0,70143,70695,0,0,0,1,0
hostname,16,0,26,0,66712,67222,0,0,0,1,0
hostname,16,0,27,0,68446,68966,0,0,0,1,0
hostname,16,0,28,0,69548,69845,0,0,0,1,0
hostname,16,0,29,0,74881,75450,0,0,0,1,0
hostname,16,0,30,0,70419,70966,0,0,0,1,0
hostname,16,0,31,0,77261,77757,0,0,0,1,0
hostname,16,0,32,0,67974,68333,0,0,0,1,0
hostname,16,0,33,0,68695,69151,0,0,0,1,0
hostname,16,0,34,0,69207,69747,0,0,0,1,0
hostname,16,16,5,0,190290,30706683,0,2,1,3,0
hostname,16,16,6,0,181666,31736183,0,2,1,3,0
hostname,16,16,7,0,185746,31764468,0,2,1,3,0
hostname,16,16,8,0,173415,31797190,0,2,1,3,0
hostname,16,16,9,0,168464,31800595,0,2,1,3,0
hostname,16,16,10,0,171878,31779037,0,2,1,3,0
hostname,16,16,11,0,172786,31745124,0,2,1,3,0
hostname,16,16,12,0,161043,31755601,0,2,1,3,0
hostname,16,16,13,0,202042,31956639,0,2,1,3,0
hostname,16,16,14,0,197145,30773787,0,2,1,3,0
hostname,16,16,15,0,167274,31772922,0,2,1,3,0
hostname,16,16,16,0,166706,31809540,0,2,1,3,0
hostname,16,16,17,0,180159,31768319,0,2,1,3,0
hostname,16,16,18,0,180801,31790826,0,2,1,3,0
hostname,16,16,19,0,200499,31795178,0,2,1,3,0
hostname,16,16,20,0,194408,31832165,0,2,1,3,0
hostname,16,16,21,0,161101,31751712,0,2,1,3,0
hostname,16,16,22,0,165196,30703435,0,2,1,3,0
hostname,16,16,23,0,191225,31768439,0,2,1,3,0
hostname,16,16,24,0,174445,31730828,0,2,1,3,0
hostname,16,16,25,0,185560,31795732,0,2,1,3,0
hostname,16,16,26,0,184810,31798327,0,2,1,3,0
hostname,16,16,27,0,166434,31738697,0,2,1,3,0
hostname,16,16,28,0,196134,31757751,0,2,1,3,0
hostname,16,16,29,0,177741,31768219,0,2,1,3,0
hostname,16,16,30,0,205312,31868271,0,2,1,3,0
hostname,16,16,31,0,204396,30784896,0,2,1,3,0
hostname,16,16,32,0,189621,31824843,0,2,1,3,0
hostname,16,16,33,0,190277,31816384,0,2,1,3,0
hostname,16,16,34,0,204994,31778460,0,2,1,3,0
hostname,128,0,5,0,328019,332224,0,0,0,1,0
hostname,128,0,6,0,330483,334589,0,0,0,1,0
hostname,128,0,7,0,335385,339558,0,0,0,1,0
hostname,128,0,8,0,335684,339853,0,0,0,1,0
hostname,128,0,9,0,332264,335954,0,0,0,1,0
hostname,128,0,10,0,338327,342258,0,0,0,1,0
hostname,128,0,11,0,333750,337495,0,0,0,1,0
hostname,128,0,12,0,332467,336044,0,0,0,1,0
hostname,128,0,13,0,325495,328929,0,0,0,1,0
hostname,128,0,14,0,342704,346896,0,0,0,1,0
hostname,128,0,15,0,331486,335297,0,0,0,1,0
hostname,128,0,16,0,343034,346591,0,0,0,1,0
hostname,128,0,17,0,333235,337298,0,0,0,1,0
hostname,128,0,18,0,345848,349505,0,0,0,1,0
hostname,128,0,19,0,332529,336686,0,0,0,1,0
hostname,128,0,20,0,337830,341795,0,0,0,1,0
hostname,128,0,21,0,343264,346837,0,0,0,1,0
hostname,128,0,22,0,337620,341626,0,0,0,1,0
hostname,128,0,23,0,334118,337809,0,0,0,1,0
hostname,128,0,24,0,336349,340288,0,0,0,1,0
hostname,128,0,25,0,339274,343013,0,0,0,1,0
hostname,128,0,26,0,345328,349526,0,0,0,1,0
hostname,128,0,27,0,331171,335407,0,0,0,1,0
hostname,128,0,28,0,348101,351967,0,0,0,1,0
hostname,128,0,29,0,332429,336638,0,0,0,1,0
hostname,128,0,30,0,348683,352254,0,0,0,1,0
hostname,128,0,31,0,363544,367377,0,0,0,1,0
hostname,128,0,32,0,348943,352388,0,0,0,1,0
hostname,128,0,33,0,333652,337511,0,0,0,1,0
hostname,128,0,34,0,341568,345370,0,0,0,1,0
hostname,128,128,5,0,736585,31441650,0,2,1,3,0
hostname,128,128,6,0,744101,31436844,0,2,1,3,0
hostname,128,128,7,0,731730,31420676,0,2,1,3,0
hostname,128,128,8,0,733334,32909705,0,2,1,3,0
hostname,128,128,9,0,730500,30531634,0,2,1,3,0
hostname,128,128,10,0,741327,31450875,0,2,1,3,0
hostname,128,128,11,0,725212,32475640,0,2,1,3,0
hostname,128,128,12,0,773445,31525036,0,2,1,3,0
hostname,128,128,13,0,717459,31438831,0,2,1,3,0
hostname,128,128,14,0,770882,31572741,0,2,1,3,0
hostname,128,128,15,0,742374,31835773,0,2,1,3,0
hostname,128,128,16,0,754140,31531682,0,2,1,3,0
hostname,128,128,17,0,758474,31461440,0,2,1,3,0
hostname,128,128,18,0,748278,32534941,0,2,1,3,0
hostname,128,128,19,0,767200,33263897,0,2,1,3,0
hostname,128,128,20,0,733997,29346990,0,2,1,3,0
hostname,128,128,21,0,738361,31604428,0,2,1,3,0
hostname,128,128,22,0,720717,31405066,0,2,1,3,0
hostname,128,128,23,0,725356,32481267,0,2,1,3,0
hostname,128,128,24,0,746706,33212649,0,2,1,3,0
hostname,128,128,25,0,710341,29390783,0,2,1,3,0
hostname,128,128,26,0,779312,31506229,0,2,1,3,0
hostname,128,128,27,0,735935,32518874,0,2,1,3,0
hostname,128,128,28,0,765502,32946792,0,2,1,3,0
hostname,128,128,29,0,735060,30400312,0,2,1,3,0
hostname,128,128,30,0,768065,31471989,0,2,1,3,0
hostname,128,128,31,0,730680,31416599,0,2,1,3,0
hostname,128,128,32,0,761637,31508719,0,2,1,3,0
hostname,128,128,33,0,750037,31616045,0,2,1,3,0
hostname,128,128,34,0,769345,31508745,0,2,1,3,0
numeric,1,0,5,0,32767,32943,0,0,0,1,0
numeric,1,0,6,0,31746,31877,0,0,0,1,0
numeric,1,0,7,0,34018,34108,0,0,0,1,0
numeric,1,0,8,0,32354,32445,0,0,0,1,0
numeric,1,0,9,0,31770,31966,0,0,0,1,0
numeric,1,0,10,0,32477,32559,0,0,0,1,0
numeric,1,0,11,0,33560,33626,0,0,0,1,0
numeric,1,0,12,0,32589,32654,0,0,0,1,0
numeric,1,0,13,0,33099,33163,0,0,0,1,0
numeric,1,0,14,0,31734,31828,0,0,0,1,0
numeric,1,0,15,0,33395,33527,0,0,0,1,0
numeric,1,0,16,0,31696,31769,0,0,0,1,0
numeric,1,0,17,0,31393,31495,0,0,0,1,0
numeric,1,0,18,0,32336,32404,0,0,0,1,0
numeric,1,0,19,0,31463,31567,0,0,0,1,0
numeric,1,0,20,0,32005,32073,0,0,0,1,0
numeric,1,0,21,0,31851,31926,0,0,0,1,0
numeric,1,0,22,0,30813,30891,0,0,0,1,0
numeric,1,0,23,0,32562,32695,0,0,0,1,0
numeric,1,0,24,0,32045,32112,0,0,0,1,0
numeric,1,0,25,0,31507,31613,0,0,0,1,0
numeric,1,0,26,0,31795,31865,0,0,0,1,0
numeric,1,0,27,0,31240,31322,0,0,0,1,0
numeric,1,0,28,0,32413,32492,0,0,0,1,0
numeric,1,0,29,0,30879,30959,0,0,0,1,0
numeric,1,0,30,0,30804,30882,0,0,0,1,0
numeric,1,0,31,0,33328,33396,0,0,0,1,0
numeric,1,0,32,0,33198,33266,0,0,0,1,0
numeric,1,0,33,0,32198,32264,0,0,0,1,0
numeric,1,0,34,0,31622,31688,0,0,0,1,0
string,1,0,5,0,31791,31916,0,0,0,1,0
string,1,0,6,0,33646,33760,0,0,0,1,0
string,1,0,7,0,31870,31955,0,0,0,1,0
string,1,0,8,0,32525,32634,0,0,0,1,0
string,1,0,9,0,33677,33783,0,0,0,1,0
string,1,0,10,0,31174,31234,0,0,0,1,0
string,1,0,11,0,31009,31089,0,0,0,1,0
string,1,0,12,0,31314,31386,0,0,0,1,0
string,1,0,13,0,34085,34186,0,0,0,1,0
string,1,0,14,0,32033,32103,0,0,0,1,0
string,1,0,15,0,30104,30187,0,0,0,1,0
string,1,0,16,0,30076,30142,0,0,0,1,0
string,1,0,17,0,33090,33169,0,0,0,1,0
string,1,0,18,0,32354,32425,0,0,0,1,0
string,1,0,19,0,30455,30542,0,0,0,1,0
string,1,0,20,0,30710,30787,0,0,0,1,0
string,1,0,21,0,31779,31877,0,0,0,1,0
string,1,0,22,0,29868,29933,0,0,0,1,0
string,1,0,23,0,30183,30269,0,0,0,1,0
string,1,0,24,0,29247,29314,0,0,0,1,0
string,1,0,25,0,28837,28939,0,0,0,1,0
string,1,0,26,0,30526,30598,0,0,0,1,0
string,1,0,27,0,30101,30179,0,0,0,1,0
string,1,0,28,0,29731,29792,0,0,0,1,0
string,1,0,29,0,29300,29409,0,0,0,1,0
string,1,0,30,0,30421,30480,0,0,0,1,0
string,1,0,31,0,30770,30894,0,0,0,1,0
string,1,0,32,0,29802,29867,0,0,0,1,0
string,1,0,33,0,29178,29288,0,0,0,1,0
string,1,0,34,0,30605,30663,0,0,0,1,0
